{
  "_comment": "Centralized Alert Type Configuration - Edit this file to add/remove/modify alert types",
  "_instructions": "To add a new alert type: 1) Add entry to 'alert_types' array, 2) Restart application",
  "alert_types": [
    {
      "phenomenon_code": "TO",
      "nws_event_name": "Tornado Warning",
      "display_name": "Tornado Warning",
      "short_name": "Tornado Warning",
      "priority": 1,
      "high_priority": true,
      "show_on_map": true,
      "icon": "fas fa-wind",
      "colors": {
        "primary": "#FF0000",
        "css_var": "#ff002f",
        "state_map": "#e53e3e",
        "daily_recap": "#e53e3e"
      },
      "map_style": {
        "color": "#f7768e",
        "weight": 3,
        "fillOpacity": 0.5
      },
      "show_on_dashboard": true,
      "show_on_ticker": true
    },
    {
      "phenomenon_code": "SV",
      "nws_event_name": "Severe Thunderstorm Warning",
      "display_name": "Severe Thunderstorm Warning",
      "short_name": "Severe T-Storm Warning",
      "priority": 2,
      "high_priority": true,
      "show_on_map": true,
      "icon": "fas fa-cloud-bolt",
      "colors": {
        "primary": "#FFA500",
        "css_var": "#FFA500",
        "state_map": "#dd6b20",
        "daily_recap": "#dd6b20"
      },
      "map_style": {
        "color": "#e0af68",
        "weight": 2,
        "fillOpacity": 0.5
      },
      "show_on_dashboard": true,
      "show_on_ticker": true
    },
    {
      "phenomenon_code": "SVR",
      "nws_event_name": "Severe Thunderstorm Warning",
      "display_name": "Severe Thunderstorm Warning",
      "short_name": "Severe T-Storm Warning",
      "priority": 3,
      "high_priority": true,
      "show_on_map": true,
      "icon": "fas fa-cloud-bolt",
      "colors": {
        "primary": "#FFA500",
        "css_var": "#FFA500",
        "state_map": "#dd6b20",
        "daily_recap": "#dd6b20"
      },
      "map_style": {
        "color": "#e0af68",
        "weight": 2,
        "fillOpacity": 0.5
      },
      "show_on_dashboard": true,
      "show_on_ticker": true
    },
    {
      "phenomenon_code": "FF",
      "nws_event_name": "Flash Flood Warning",
      "display_name": "Flash Flood Warning",
      "short_name": "Flash Flood Warning",
      "priority": 4,
      "high_priority": true,
      "show_on_map": true,
      "icon": "fas fa-water",
      "colors": {
        "primary": "#8B0000",
        "css_var": "#8B0000",
        "state_map": "#8B0000",
        "daily_recap": "#8B0000"
      },
      "map_style": {
        "color": "#8B0000",
        "weight": 2,
        "fillOpacity": 0.5
      },
      "show_on_dashboard": true,
      "show_on_ticker": true
    },
    {
      "phenomenon_code": "FFW",
      "nws_event_name": "Flash Flood Warning",
      "display_name": "Flash Flood Warning",
      "short_name": "Flash Flood Warning",
      "priority": 5,
      "high_priority": true,
      "show_on_map": true,
      "icon": "fas fa-water",
      "colors": {
        "primary": "#8B0000",
        "css_var": "#8B0000",
        "state_map": "#8B0000",
        "daily_recap": "#8B0000"
      },
      "map_style": {
        "color": "#8B0000",
        "weight": 2,
        "fillOpacity": 0.5
      },
      "show_on_dashboard": true,
      "show_on_ticker": true
    },
    {
      "phenomenon_code": "WSW",
      "nws_event_name": "Winter Storm Warning",
      "display_name": "Winter Storm Warning",
      "short_name": "Winter Storm Warning",
      "priority": 6,
      "high_priority": true,
      "show_on_map": true,
      "icon": "fas fa-snowflake",
      "colors": {
        "primary": "#FF69B4",
        "css_var": "#bb9af7",
        "state_map": "#FF69B4",
        "daily_recap": "#FF69B4"
      },
      "map_style": {
        "color": "#bb9af7",
        "weight": 3,
        "fillOpacity": 0.5
      },
      "show_on_dashboard": true,
      "show_on_ticker": true
    },
    {
      "phenomenon_code": "WW",
      "nws_event_name": "Winter Weather Advisory",
      "display_name": "Winter Weather Advisory",
      "short_name": "Winter Weather Advisory",
      "priority": 7,
      "high_priority": true,
      "show_on_map": false,
      "icon": "fas fa-snowflake",
      "colors": {
        "primary": "#7B68EE",
        "css_var": "#7B68EE",
        "state_map": "#7B68EE",
        "daily_recap": "#7B68EE"
      },
      "map_style": {
        "color": "#7B68EE",
        "weight": 2,
        "fillOpacity": 0.5
      },
      "show_on_dashboard": true,
      "show_on_ticker": true
    },
    {
      "phenomenon_code": "WSA",
      "nws_event_name": "Winter Storm Watch",
      "display_name": "Winter Storm Watch",
      "short_name": "Winter Storm Watch",
      "priority": 8,
      "high_priority": true,
      "show_on_map": false,
      "icon": "fas fa-snowflake",
      "colors": {
        "primary": "#4682B4",
        "css_var": "#4682B4",
        "state_map": "#4682B4",
        "daily_recap": "#4682B4"
      },
      "map_style": {
        "color": "#7aa2f7",
        "weight": 2,
        "fillOpacity": 0.5
      },
      "show_on_dashboard": true,
      "show_on_ticker": true
    },
    {
      "phenomenon_code": "SQW",
      "nws_event_name": "Snow Squall Warning",
      "display_name": "Snow Squall Warning",
      "short_name": "Snow Squall Warning",
      "priority": 9,
      "high_priority": true,
      "show_on_map": true,
      "icon": "fas fa-snowflake",
      "colors": {
        "primary": "#C71585",
        "css_var": "#C71585",
        "state_map": "#C71585",
        "daily_recap": "#C71585"
      },
      "map_style": {
        "color": "#C71585",
        "weight": 3,
        "fillOpacity": 0.5
      },
      "show_on_dashboard": true,
      "show_on_ticker": true
    },
    {
      "phenomenon_code": "SS",
      "nws_event_name": "Storm Surge Warning",
      "display_name": "Storm Surge Warning",
      "short_name": "Storm Surge Warning",
      "priority": 10,
      "high_priority": true,
      "show_on_map": false,
      "icon": "fas fa-house-flood-water",
      "colors": {
        "primary": "#B524C6",
        "css_var": "#B524C6",
        "state_map": "#B524C6",
        "daily_recap": "#B524C6"
      },
      "map_style": {
        "color": "#B524C6",
        "weight": 2,
        "fillOpacity": 0.5
      },
      "show_on_dashboard": true,
      "show_on_ticker": true
    },
    {
      "phenomenon_code": "TOA",
      "nws_event_name": "Tornado Watch",
      "display_name": "Tornado Watch",
      "short_name": "Tornado Watch",
      "priority": 11,
      "high_priority": true,
      "show_on_map": false,
      "icon": "fas fa-wind",
      "colors": {
        "primary": "#FFFF00",
        "css_var": "#FFFF00",
        "state_map": "#FFFF00",
        "daily_recap": "#FFFF00"
      },
      "map_style": {
        "color": "#e0af68",
        "weight": 2,
        "fillOpacity": 0.3
      },
      "show_on_dashboard": true,
      "show_on_ticker": true
    },
    {
      "phenomenon_code": "SVA",
      "nws_event_name": "Severe Thunderstorm Watch",
      "display_name": "Severe Thunderstorm Watch",
      "short_name": "Severe T-Storm Watch",
      "priority": 12,
      "high_priority": true,
      "show_on_map": false,
      "icon": "fas fa-cloud-bolt",
      "colors": {
        "primary": "#DB7093",
        "css_var": "#DB7093",
        "state_map": "#DB7093",
        "daily_recap": "#DB7093"
      },
      "map_style": {
        "color": "#f7768e",
        "weight": 2,
        "fillOpacity": 0.3
      },
      "show_on_dashboard": true,
      "show_on_ticker": true
    },
    {
      "phenomenon_code": "FFA",
      "nws_event_name": "Flash Flood Watch",
      "display_name": "Flash Flood Watch",
      "short_name": "Flash Flood Watch",
      "priority": 13,
      "high_priority": true,
      "show_on_map": false,
      "icon": "fas fa-water",
      "colors": {
        "primary": "#2E8B57",
        "css_var": "#2E8B57",
        "state_map": "#2E8B57",
        "daily_recap": "#2E8B57"
      },
      "map_style": {
        "color": "#73daca",
        "weight": 2,
        "fillOpacity": 0.3
      },
      "show_on_dashboard": true,
      "show_on_ticker": true
    },
    {
      "phenomenon_code": "SPS",
      "nws_event_name": "Special Weather Statement",
      "display_name": "Special Weather Statement",
      "short_name": "Special Weather Statement",
      "priority": 14,
      "high_priority": false,
      "show_on_map": false,
      "icon": "fas fa-circle-info",
      "colors": {
        "primary": "#7dcfff",
        "css_var": "#7dcfff",
        "state_map": "#7dcfff",
        "daily_recap": "#7dcfff"
      },
      "map_style": {
        "color": "#7dcfff",
        "weight": 1,
        "fillOpacity": 0.3
      },
      "show_on_dashboard": true,
      "show_on_ticker": true
    },
    {
      "phenomenon_code": "WWY",
      "nws_event_name": "Winter Weather Advisory",
      "display_name": "Winter Weather Advisory",
      "short_name": "Winter Weather Advisory",
      "priority": 15,
      "high_priority": false,
      "show_on_map": false,
      "icon": "fas fa-snowflake",
      "colors": {
        "primary": "#7B68EE",
        "css_var": "#7B68EE",
        "state_map": "#7B68EE",
        "daily_recap": "#7B68EE"
      },
      "map_style": {
        "color": "#7B68EE",
        "weight": 2,
        "fillOpacity": 0.5
      },
      "show_on_dashboard": true,
      "show_on_ticker": true
    },
    {
      "phenomenon_code": "LE",
      "nws_event_name": "Lake Effect Snow Warning",
      "display_name": "Lake Effect Snow Warning",
      "short_name": "Lake Effect Snow Warning",
      "priority": 7,
      "high_priority": true,
      "show_on_map": true,
      "show_on_dashboard": true,
      "show_on_ticker": true,
      "icon": "fas fa-snowflake",
      "colors": {
        "primary": "#008B8B",
        "css_var": "#008B8B",
        "state_map": "#008B8B",
        "daily_recap": "#008B8B"
      },
      "map_style": {
        "color": "#008B8B",
        "weight": 3,
        "fillOpacity": 0.5
      }
    },
    {
      "phenomenon_code": "BZ",
      "nws_event_name": "Blizzard Warning",
      "display_name": "Blizzard Warning",
      "short_name": "Blizzard Warning",
      "priority": 5,
      "high_priority": true,
      "show_on_map": true,
      "show_on_dashboard": true,
      "show_on_ticker": true,
      "icon": "fas fa-snowflake",
      "colors": {
        "primary": "#FF4500",
        "css_var": "#FF4500",
        "state_map": "#FF4500",
        "daily_recap": "#FF4500"
      },
      "map_style": {
        "color": "#FF4500",
        "weight": 3,
        "fillOpacity": 0.5
      }
    },
    {
      "phenomenon_code": "IS",
      "nws_event_name": "Ice Storm Warning",
      "display_name": "Ice Storm Warning",
      "short_name": "Ice Storm Warning",
      "priority": 6,
      "high_priority": true,
      "show_on_map": true,
      "show_on_dashboard": true,
      "show_on_ticker": true,
      "icon": "fas fa-icicles",
      "colors": {
        "primary": "#8B008B",
        "css_var": "#8B008B",
        "state_map": "#8B008B",
        "daily_recap": "#8B008B"
      },
      "map_style": {
        "color": "#8B008B",
        "weight": 3,
        "fillOpacity": 0.5
      }
    },
    {
      "phenomenon_code": "WC",
      "nws_event_name": "Wind Chill Warning",
      "display_name": "Wind Chill Warning",
      "short_name": "Wind Chill Warning",
      "priority": 16,
      "high_priority": false,
      "show_on_map": false,
      "show_on_dashboard": false,
      "show_on_ticker": true,
      "icon": "fas fa-temperature-low",
      "colors": {
        "primary": "#B0C4DE",
        "css_var": "#B0C4DE",
        "state_map": "#B0C4DE",
        "daily_recap": "#B0C4DE"
      },
      "map_style": {
        "color": "#B0C4DE",
        "weight": 2,
        "fillOpacity": 0.3
      }
    },
    {
      "phenomenon_code": "EC",
      "nws_event_name": "Extreme Cold Warning",
      "display_name": "Extreme Cold Warning",
      "short_name": "Extreme Cold Warning",
      "priority": 17,
      "high_priority": false,
      "show_on_map": false,
      "show_on_dashboard": false,
      "show_on_ticker": true,
      "icon": "fas fa-temperature-arrow-down",
      "colors": {
        "primary": "#00FFFF",
        "css_var": "#00FFFF",
        "state_map": "#00FFFF",
        "daily_recap": "#00FFFF"
      },
      "map_style": {
        "color": "#00FFFF",
        "weight": 2,
        "fillOpacity": 0.3
      }
    }
  ],
  "special_handling": {
    "sps_thunderstorm_filter": {
      "enabled": true,
      "excluded_keywords": [
        "FIRE DANGER",
        "FIRE WEATHER",
        "RED FLAG",
        "DENSE FOG",
        "FREEZING FOG",
        "FROST",
        "FREEZE",
        "HEAT",
        "WIND CHILL",
        "COLD",
        "ICE",
        "BLIZZARD",
        "HIGH SURF",
        "RIP CURRENT",
        "COASTAL",
        "BEACH",
        "LAKE EFFECT"
      ],
      "thunderstorm_keywords": [
        "THUNDERSTORM",
        "LIGHTNING",
        "SEVERE",
        "HAIL",
        "DAMAGING WIND",
        "GUSTY WIND",
        "STRONG WIND",
        "TORNADO",
        "FUNNEL",
        "SNOW"
      ]
    },
    "watch_detection": {
      "tornado_watch": {
        "keyword": "TORNADO WATCH",
        "phenomenon_code": "TOA"
      },
      "severe_thunderstorm_watch": {
        "keyword": "SEVERE THUNDERSTORM WATCH",
        "phenomenon_code": "SVA"
      }
    }
  }
}