{
  "month": "2025-12",
  "month_name": "December 2025",
  "daily_summaries": [
    {
      "date": "2025-12-01",
      "total_alerts": 0,
      "total_reports": 0,
      "notable_event_count": 0
    },
    {
      "date": "2025-12-02",
      "total_alerts": 0,
      "total_reports": 0,
      "notable_event_count": 0
    },
    {
      "date": "2025-12-03",
      "total_alerts": 0,
      "total_reports": 0,
      "notable_event_count": 0
    },
    {
      "date": "2025-12-04",
      "total_alerts": 0,
      "total_reports": 0,
      "notable_event_count": 0
    },
    {
      "date": "2025-12-07",
      "total_alerts": 0,
      "total_reports": 0,
      "notable_event_count": 0
    },
    {
      "date": "2025-12-08",
      "total_alerts": 0,
      "total_reports": 0,
      "notable_event_count": 0
    },
    {
      "date": "2025-12-09",
      "total_alerts": 0,
      "total_reports": 0,
      "notable_event_count": 0
    },
    {
      "date": "2025-12-10",
      "total_alerts": 0,
      "total_reports": 0,
      "notable_event_count": 0
    }
  ],
  "totals": {
    "total_alerts": 0,
    "total_reports": 0,
    "tornado_warnings_observed": 0,
    "significant_wind_events": 0,
    "busiest_day": "2025-12-01",
    "busiest_day_alerts": 0
  },
  "alerts_by_type": {},
  "reports_by_type": {}
}