{
  "month": "2025-11",
  "month_name": "November 2025",
  "daily_summaries": [
    {
      "date": "2025-11-06",
      "total_alerts": 0,
      "total_reports": 0,
      "notable_event_count": 0
    },
    {
      "date": "2025-11-17",
      "total_alerts": 0,
      "total_reports": 0,
      "notable_event_count": 0
    },
    {
      "date": "2025-11-18",
      "total_alerts": 0,
      "total_reports": 0,
      "notable_event_count": 0
    },
    {
      "date": "2025-11-24",
      "total_alerts": 0,
      "total_reports": 0,
      "notable_event_count": 0
    },
    {
      "date": "2025-11-25",
      "total_alerts": 0,
      "total_reports": 0,
      "notable_event_count": 0
    },
    {
      "date": "2025-11-27",
      "total_alerts": 0,
      "total_reports": 0,
      "notable_event_count": 0
    },
    {
      "date": "2025-11-30",
      "total_alerts": 0,
      "total_reports": 0,
      "notable_event_count": 0
    }
  ],
  "totals": {
    "total_alerts": 0,
    "total_reports": 0,
    "tornado_warnings_observed": 0,
    "significant_wind_events": 0,
    "busiest_day": "2025-11-06",
    "busiest_day_alerts": 0
  },
  "alerts_by_type": {},
  "reports_by_type": {}
}