{
  "month": "2025-10",
  "month_name": "October 2025",
  "daily_summaries": [
    {
      "date": "2025-10-21",
      "total_alerts": 0,
      "total_reports": 0,
      "notable_event_count": 0
    },
    {
      "date": "2025-10-22",
      "total_alerts": 0,
      "total_reports": 0,
      "notable_event_count": 0
    },
    {
      "date": "2025-10-23",
      "total_alerts": 0,
      "total_reports": 0,
      "notable_event_count": 0
    },
    {
      "date": "2025-10-24",
      "total_alerts": 4,
      "total_reports": 0,
      "notable_event_count": 1
    },
    {
      "date": "2025-10-25",
      "total_alerts": 10,
      "total_reports": 0,
      "notable_event_count": 0
    },
    {
      "date": "2025-10-26",
      "total_alerts": 47,
      "total_reports": 0,
      "notable_event_count": 4
    },
    {
      "date": "2025-10-27",
      "total_alerts": 18,
      "total_reports": 0,
      "notable_event_count": 0
    }
  ],
  "totals": {
    "total_alerts": 79,
    "total_reports": 0,
    "tornado_warnings_observed": 0,
    "significant_wind_events": 5,
    "busiest_day": "2025-10-26",
    "busiest_day_alerts": 47
  },
  "alerts_by_type": {
    "SV": 10,
    "FF": 17,
    "SPS": 22,
    "TO": 5,
    "WW": 20,
    "TOA": 3,
    "WSW": 2
  },
  "reports_by_type": {}
}