Snow Forecast Verification Report
Generated: 12/3/2025, 2:30:24 PM
Event Period: 2025-12-01T10:00 to 2025-12-02T22:00

Summary Statistics
Total Observations: 475
Forecast Zones: 3
Overall Accuracy: 67%

Forecast Range,Forecast Value,Observed Average,Observed Min,Observed Max,Observation Count,Accuracy
"1-2",1.5,2.81,0.30,6.00,22,GOOD
"2-4",3,3.90,1.50,6.60,371,GOOD
"4-8",6,3.31,2.00,6.00,82,FAIR

Accuracy Breakdown (with 0.3" tolerance)
Good (< 1.3" error): 2
Fair (1.3-2.3" error): 1
Poor (> 2.3" error): 0
