Snow Forecast Verification Report
Generated: 12/3/2025, 2:45:07 PM
Event Period: 2025-12-01T10:00 to 2025-12-02T22:00
Tolerance: ±1.0 inch

Summary Statistics
Total Observations: 475
Forecast Zones: 3
Overall Accuracy (Strict): 49%
Overall Accuracy (With Tolerance): 89%

Forecast Range,Forecast Value,Observed Average,Observed Min,Observed Max,Observation Count,Accurate (Strict),Accuracy % (Strict),Accurate (With Tolerance),Accuracy % (With Tolerance)
"1-2",1.5,2.66,0.30,6.00,16,5,31%,13,81%
"2-4",3,3.91,1.50,6.60,374,222,59%,342,91%
"4-8",6,3.27,2.00,5.40,85,8,9%,66,78%

Accuracy by Zone
Zone,Strict Count,Strict %,With Tolerance Count,With Tolerance %
"1-2",5,31%,13,81%
"2-4",222,59%,342,91%
"4-8",8,9%,66,78%
