{
  "date": "2025-10-26",
  "day_of_week": "Sunday",
  "alerts_issued": {
    "TO": 18,
    "FF": 20,
    "SV": 19,
    "MA": 58,
    "FA": 25,
    "DS": 1,
    "UP": 2,
    "SC": 1,
    "WW": 1
  },
  "storm_reports": {},
  "notable_events": {
    "tornado_warnings_observed": [
      {
        "product_id": "TO.LCH.0041",
        "location": "LCH County Warning Area",
        "time": "2025-10-26 04:57",
        "issuing_office": "LCH"
      },
      {
        "product_id": "TO.LIX.0045",
        "location": "LIX County Warning Area",
        "time": "2025-10-26 14:56",
        "issuing_office": "LIX"
      }
    ],
    "significant_wind_events": [
      {
        "location": "MLB County Warning Area",
        "value": "CONSIDERABLE DAMAGE THREAT",
        "time": "2025-10-26 23:47",
        "source": "alert",
        "type": "threat_tag",
        "product_id": "FF.MLB.0018",
        "phenomenon": "FF"
      }
    ]
  },
  "totals": {
    "total_alerts": 145,
    "total_reports": 0,
    "tornado_warnings_observed": 2,
    "significant_wind_events": 1
  }
}